-- -------------------------------------------------------------
-- TablePlus 5.1.0(468)
--
-- https://tableplus.com/
--
-- Database: innoving
-- Generation Time: 2022-12-26 15:36:24.5540
-- -------------------------------------------------------------


/*!40101 SET @OLD_CHARACTER_SET_CLIENT=@@CHARACTER_SET_CLIENT */;
/*!40101 SET @OLD_CHARACTER_SET_RESULTS=@@CHARACTER_SET_RESULTS */;
/*!40101 SET @OLD_COLLATION_CONNECTION=@@COLLATION_CONNECTION */;
/*!40101 SET NAMES utf8mb4 */;
/*!40014 SET @OLD_UNIQUE_CHECKS=@@UNIQUE_CHECKS, UNIQUE_CHECKS=0 */;
/*!40014 SET @OLD_FOREIGN_KEY_CHECKS=@@FOREIGN_KEY_CHECKS, FOREIGN_KEY_CHECKS=0 */;
/*!40101 SET @OLD_SQL_MODE=@@SQL_MODE, SQL_MODE='NO_AUTO_VALUE_ON_ZERO' */;
/*!40111 SET @OLD_SQL_NOTES=@@SQL_NOTES, SQL_NOTES=0 */;


CREATE TABLE `archivo` (
  `id` int NOT NULL AUTO_INCREMENT,
  `id_fk_pub` int DEFAULT NULL,
  `nombre` varchar(255) DEFAULT NULL,
  `ruta` varchar(255) NOT NULL,
  PRIMARY KEY (`id`),
  KEY `id_fk_pub` (`id_fk_pub`),
  CONSTRAINT `archivo_ibfk_1` FOREIGN KEY (`id_fk_pub`) REFERENCES `publicacion` (`publicacion_id`)
) ENGINE=InnoDB DEFAULT CHARSET=utf8mb3;

CREATE TABLE `ejes` (
  `id` int NOT NULL AUTO_INCREMENT,
  `nombre` varchar(255) NOT NULL,
  PRIMARY KEY (`id`)
) ENGINE=InnoDB AUTO_INCREMENT=7 DEFAULT CHARSET=utf8mb3;

CREATE TABLE `estados` (
  `estado` varchar(100) NOT NULL,
  PRIMARY KEY (`estado`)
) ENGINE=InnoDB DEFAULT CHARSET=utf8mb3;

CREATE TABLE `historialpeticiones` (
  `id` varchar(50) NOT NULL DEFAULT 'hola',
  `id_imm` varchar(255) NOT NULL,
  `tipo` int NOT NULL,
  `solicitud` varchar(255) NOT NULL,
  `estado` varchar(255) NOT NULL,
  `fecha` varchar(255) NOT NULL,
  PRIMARY KEY (`id`)
) ENGINE=InnoDB DEFAULT CHARSET=utf8mb3;

CREATE TABLE `indicadores` (
  `id` varchar(255) NOT NULL,
  `CalificacionCORFO` varchar(255) NOT NULL,
  `NumeroIndicador` int NOT NULL AUTO_INCREMENT,
  `MisionUniversitaria` varchar(255) NOT NULL,
  `nombre` varchar(255) NOT NULL,
  `TipoIndicador` varchar(255) NOT NULL,
  `eje` varchar(255) NOT NULL,
  `Unidad` varchar(255) NOT NULL,
  `FuenteInformacion` varchar(255) NOT NULL,
  `Responsable` varchar(255) NOT NULL,
  `Frecuencia` varchar(255) NOT NULL,
  `Aprobado` int NOT NULL,
  `Peticion` varchar(255) NOT NULL,
  `id_editado` varchar(255) NOT NULL,
  `Descripcion` varchar(255) NOT NULL,
  PRIMARY KEY (`NumeroIndicador`) USING BTREE
) ENGINE=InnoDB AUTO_INCREMENT=4004 DEFAULT CHARSET=utf8mb3;

CREATE TABLE `indicadores_variables` (
  `id` int NOT NULL AUTO_INCREMENT,
  `id_indicador` int NOT NULL,
  `id_variable` int NOT NULL,
  PRIMARY KEY (`id`),
  KEY `id_indicador` (`id_indicador`),
  KEY `id_variable` (`id_variable`),
  CONSTRAINT `indicadores_variables_ibfk_1` FOREIGN KEY (`id_indicador`) REFERENCES `indicadores` (`NumeroIndicador`),
  CONSTRAINT `indicadores_variables_ibfk_2` FOREIGN KEY (`id_variable`) REFERENCES `variables` (`id`)
) ENGINE=InnoDB DEFAULT CHARSET=utf8mb3;

CREATE TABLE `metas` (
  `id` int NOT NULL DEFAULT '0',
  `idindicador` varchar(255) NOT NULL,
  `fecha` varchar(255) NOT NULL,
  `cantidad` int NOT NULL,
  `Peticion` varchar(255) NOT NULL,
  `Aprobado` int NOT NULL,
  `antiguaid` varchar(255) NOT NULL,
  PRIMARY KEY (`id`)
) ENGINE=InnoDB DEFAULT CHARSET=utf8mb3;

<<<<<<< HEAD
CREATE TABLE `publicacion` (
  `publicacion_id` int NOT NULL AUTO_INCREMENT,
  `issn_doi` varchar(255) NOT NULL,
  `titulo` varchar(255) DEFAULT NULL,
  `autores` varchar(255) DEFAULT NULL,
  `revista` varchar(255) DEFAULT NULL,
  `autores_extranjeros` tinyint(1) DEFAULT NULL,
  `indexacion` varchar(255) DEFAULT NULL,
  `anio` datetime DEFAULT NULL,
  `clasificacion` varchar(255) DEFAULT NULL,
  `disciplina` varchar(255) DEFAULT NULL,
  `validado` tinyint(1) DEFAULT NULL,
  PRIMARY KEY (`publicacion_id`)
) ENGINE=InnoDB AUTO_INCREMENT=1001 DEFAULT CHARSET=utf8mb3;
=======


CREATE TABLE Variables (
  id INT PRIMARY KEY AUTO_INCREMENT,
  descripcion VARCHAR(100) NOT NULL
);

CREATE TABLE Indicadores_Variables (
  id INT PRIMARY KEY AUTO_INCREMENT,
  id_indicador INT(11) NOT NULL,
  id_variable INT NOT NULL,
  FOREIGN KEY (id_indicador) REFERENCES indicadores(NumeroIndicador),
  FOREIGN KEY (id_variable) REFERENCES Variables(id)
);

CREATE TABLE Estados (estado VARCHAR(100) NOT NULL PRIMARY KEY);
INSERT INTO Estados VALUES ("rechazado"), ("verificado");

create table publicacion(
    publicacion_id int not null AUTO_INCREMENT primary key,
    issn_doi varchar(100) not null,
    titulo varchar(100),
    autores varchar(100),
    revista varchar(100),
    autores_extranjeros TINYINT(1),
    indexacion varchar(100), 
    anio varchar(100),
    citaciones varchar(300),
    clasificacion varchar(100),
    disciplina varchar(100),
    estado VARCHAR(100),
    FOREIGN KEY (estado) REFERENCES Estados(estado)
);


CREATE TABLE Variables_Publicaciones (
  id INT PRIMARY KEY AUTO_INCREMENT,
  valor INT NOT NULL,
  id_publicacion INT NOT NULL,
  id_variable INT ,
  FOREIGN KEY (id_publicacion) REFERENCES publicacion(publicacion_id),
  FOREIGN KEY (id_variable) REFERENCES Variables(id)
);






create table archivo(
    id INT NOT NULL AUTO_INCREMENT PRIMARY KEY,
    id_fk_pub int(6),
    id_fk_pro int(6),
    nombre varchar(255),
    ruta varchar(255),
    foreign key(id_fk_pub) references publicacion(`publicacion_id`)
);

/*
USUARIOS
*/
DROP TABLE IF EXISTS `rol`;
>>>>>>> modificacion a la tabla publicaciones

CREATE TABLE `rol` (
  `id` int NOT NULL AUTO_INCREMENT,
  `name` varchar(255) NOT NULL DEFAULT '0',
  PRIMARY KEY (`id`)
) ENGINE=InnoDB AUTO_INCREMENT=5 DEFAULT CHARSET=utf8mb4 COLLATE=utf8mb4_0900_ai_ci;

CREATE TABLE `rol_usuario` (
  `id_rut` varchar(20) NOT NULL,
  `id_rol` int NOT NULL,
  PRIMARY KEY (`id_rut`,`id_rol`)
) ENGINE=InnoDB DEFAULT CHARSET=utf8mb4 COLLATE=utf8mb4_0900_ai_ci;

CREATE TABLE `usuario` (
  `rut` varchar(20) NOT NULL DEFAULT '0',
  `nombre` varchar(255) NOT NULL,
  `apellido` varchar(255) NOT NULL,
  `correo` varchar(255) NOT NULL,
  `contraseña` varchar(255) NOT NULL,
  `status` int DEFAULT NULL,
  `token` varchar(255) DEFAULT NULL,
  PRIMARY KEY (`rut`),
  UNIQUE KEY `rut_UNIQUE` (`rut`)
) ENGINE=InnoDB DEFAULT CHARSET=utf8mb4 COLLATE=utf8mb4_0900_ai_ci;

CREATE TABLE `Variable_Publicaciones` (
  `id` int unsigned NOT NULL AUTO_INCREMENT,
  `valor` int NOT NULL,
  `id_publicacion` int NOT NULL,
  `id_variable` int NOT NULL,
  PRIMARY KEY (`id`)
) ENGINE=InnoDB DEFAULT CHARSET=utf8mb4 COLLATE=utf8mb4_0900_ai_ci;

CREATE TABLE `variables` (
  `id` int NOT NULL AUTO_INCREMENT,
  `descripcion` varchar(100) NOT NULL,
  PRIMARY KEY (`id`)
) ENGINE=InnoDB AUTO_INCREMENT=5 DEFAULT CHARSET=utf8mb3;

CREATE TABLE `variables_publicaciones` (
  `id` int NOT NULL AUTO_INCREMENT,
  `valor` int NOT NULL,
  `id_publicacion` int NOT NULL,
  `id_variable` int DEFAULT NULL,
  PRIMARY KEY (`id`),
  KEY `id_publicacion` (`id_publicacion`),
  KEY `id_variable` (`id_variable`),
  CONSTRAINT `variables_publicaciones_ibfk_1` FOREIGN KEY (`id_publicacion`) REFERENCES `publicacion` (`publicacion_id`),
  CONSTRAINT `variables_publicaciones_ibfk_2` FOREIGN KEY (`id_variable`) REFERENCES `variables` (`id`)
) ENGINE=InnoDB AUTO_INCREMENT=644 DEFAULT CHARSET=utf8mb3;

INSERT INTO `ejes` (`id`, `nombre`) VALUES
(1, 'Gobernanza y Sinergias'),
(2, 'Gestión del Cambio y Capital Humano Avanzado'),
(3, 'I+D Aplicado y Vínculo con Sector Productivo'),
(4, 'Comercialización de Tecnología y Emprendimiento de Base Tecnológica'),
(5, 'Alianzas Internacionales'),
(6, 'Armonización Curricular y postgrados tecnológicos');

INSERT INTO `historialpeticiones` (`id`, `id_imm`, `tipo`, `solicitud`, `estado`, `fecha`) VALUES
('951562', 'M4003', 1, 'Anadir', 'Aprobado', '2022-12-25 14:44:58');

INSERT INTO `indicadores` (`id`, `CalificacionCORFO`, `NumeroIndicador`, `MisionUniversitaria`, `nombre`, `TipoIndicador`, `eje`, `Unidad`, `FuenteInformacion`, `Responsable`, `Frecuencia`, `Aprobado`, `Peticion`, `id_editado`, `Descripcion`) VALUES
('M4003', 'Mínimo', 4003, 'Segunda', 'sss', 'Proceso', '3', 'sss', 'ddd', 'wwww', 'Trimestral', 1, 'Añadir', '', 'dsdfgbn');

INSERT INTO `metas` (`id`, `idindicador`, `fecha`, `cantidad`, `Peticion`, `Aprobado`, `antiguaid`) VALUES
(71863, 'C5043', '2022', 2021, 'Añadir', 1, '0');

INSERT INTO `publicacion` (`publicacion_id`, `issn_doi`, `titulo`, `autores`, `revista`, `autores_extranjeros`, `indexacion`, `anio`, `clasificacion`, `disciplina`, `validado`) VALUES
(1, '9jVn9hS4mgXi', 'Advanced', 'Orbadiah Cogdell', 'Cormier Group', 1, 'pretium quis lectus suspendisse potenti', '2021-03-22 11:26:26', 'ante nulla justo aliquam quis', 'Otro', NULL),
(2, 'QYfautsFDiu', 'Inverse', 'Nomi Van Haeften', 'Bernier Group', 0, 'lacinia erat vestibulum sed magna', '2022-10-16 00:27:37', 'integer non velit donec diam', 'Otro', NULL),
(3, 'CRncCYMavo', 'Exclusive', 'Farr Jess', 'Robel, Ferry and Keebler', 1, 'leo pellentesque', '2018-10-20 18:08:41', 'volutpat convallis', 'Otro', NULL),
(4, 'UMutYG0M6eG', 'parallelism', 'Lavinia Brabben', 'Quitzon-Krajcik', 1, 'ullamcorper augue a suscipit nulla', '2018-05-16 00:17:02', 'turpis enim blandit', 'Ingeniería', NULL),
(5, 'EamXVcQQDTzd', 'function', 'Torie Wickett', 'Streich and Sons', 1, 'pede', '2023-08-04 06:52:31', 'sapien ut nunc', 'Otro', NULL),
(6, 'anSnnvpWLF', 'capacity', 'Eloisa Jacmard', 'Larson-Walker', 0, 'rhoncus sed vestibulum', '2023-08-30 10:03:09', 'tincidunt ante vel', 'Otro', NULL),
(7, 'pBJNA0F7', 'contextually-based', 'Tyson Tures', 'Swaniawski Inc', 0, 'quam suspendisse', '2022-10-01 15:32:44', 'pellentesque viverra pede ac diam', 'Otro', NULL),
(8, 'FdNXmsSYFQ', 'Organized', 'Kenyon Done', 'Kulas Group', 1, 'maecenas leo odio', '2021-02-07 06:10:35', 'id ligula suspendisse ornare', 'Otro', NULL),
(9, 'cZBHGGOA4', 'contextually-based', 'Paul Kinastan', 'Schimmel, Franecki and Muller', 0, 'consequat', '2018-11-30 10:06:56', 'justo morbi ut', 'Ingeniería', NULL),
(10, 'FcMQLPUT5', 'access', 'Jenn Gregoire', 'Considine, Rosenbaum and Price', 1, 'ut', '2021-09-19 21:08:52', 'morbi', 'Ingeniería', NULL),
(11, 'xauVUtn', 'infrastructure', 'Muriel Leven', 'Murray-Terry', 1, 'pede', '2019-10-21 10:48:01', 'eget vulputate', 'Ingeniería', NULL),
(12, 'WoCDGoo', 'hardware', 'Filmore Djurkovic', 'Jones-Ryan', 0, 'habitasse', '2019-05-26 14:43:41', 'enim', 'Ingeniería', NULL),
(13, 'Orre8lBr8U2', 'success', 'Tremayne Roney', 'Streich, Bailey and Lowe', 1, 'duis bibendum morbi non quam', '2018-11-20 22:27:35', 'accumsan odio curabitur convallis', 'Ingeniería', NULL),
(14, 'ex3oDv6qvxh1', 'Virtual', 'Nance Mariette', 'Langworth, Emmerich and Weimann', 1, 'lectus vestibulum quam', '2020-12-07 21:55:49', 'justo', 'Otro', NULL),
(15, 'DYJpBZT', 'demand-driven', 'Wilone Measor', 'Glover, Batz and Connelly', 0, 'curabitur in libero', '2023-02-01 20:06:23', 'dapibus duis at velit', 'Otro', NULL),
(16, '3GPpnq1f', 'Horizontal', 'Delphine Ebbetts', 'Leuschke Inc', 0, 'sapien in sapien', '2019-11-27 05:14:34', 'habitasse', 'Ingeniería', NULL),
(17, 'C8BYAP4uu', 'solution-oriented', 'Smith Zohrer', 'O\'Hara, Oberbrunner and Gusikowski', 0, 'vel enim sit amet', '2019-08-19 00:22:52', 'in hac', 'Otro', NULL),
(18, 'NsfSsK', 'Optimized', 'Rois Ridhole', 'Cole-Gerhold', 1, 'nulla quisque arcu libero', '2019-03-17 05:27:45', 'faucibus orci luctus', 'Ingeniería', NULL),
(19, 'ANhTVGOmV', 'middleware', 'Neils Schwandermann', 'Runolfsson, Hoppe and Kris', 1, 'nascetur ridiculus mus etiam vel', '2021-05-13 16:28:59', 'cum sociis natoque penatibus', 'Ingeniería', NULL),
(20, 'gV6Yj9J6ZTVd', 'Function-based', 'Ardys Loftus', 'Bode and Sons', 0, 'ligula nec', '2020-07-05 05:37:38', 'sodales', 'Otro', NULL),
(21, 'SjqcanCXuu', 'multimedia', 'Olympia Duckitt', 'Renner, Grant and Wehner', 1, 'primis', '2019-03-14 01:54:46', 'amet erat nulla', 'Otro', NULL),
(22, 'ep6cX9q0Yj', 'incremental', 'Ryan Dargie', 'Adams, Hamill and Bosco', 0, 'nulla tempus vivamus', '2022-05-31 22:59:58', 'nunc', 'Ingeniería', NULL),
(23, 'PohDM7suKQ', 'non-volatile', 'Reba Haylands', 'Romaguera, Hahn and Halvorson', 1, 'non lectus aliquam sit', '2021-12-18 19:01:13', 'in porttitor', 'Ingeniería', NULL),
(24, 'k8JHTgnvM', 'Exclusive', 'Kaela Janikowski', 'Farrell LLC', 1, 'nisi vulputate nonummy', '2023-08-30 23:50:08', 'aenean sit', 'Otro', NULL),
(25, 's2PinDr5WkJl', 'bandwidth-monitored', 'Barnaby Chadband', 'Williamson, Lehner and Treutel', 1, 'nullam porttitor lacus', '2021-12-14 09:57:32', 'tempor', 'Otro', NULL),
(26, 'S0eaPd5krnu7', 'Decentralized', 'Brooke Frizzell', 'Collier, Crona and Hane', 0, 'in faucibus orci luctus', '2022-02-17 07:18:49', 'enim blandit', 'Ingeniería', NULL),
(27, '9f5NJX6cEI73', 'toolset', 'Colly Shawyers', 'Heaney-Cummerata', 1, 'lectus aliquam', '2018-07-05 12:55:08', 'in hac habitasse', 'Otro', NULL),
(28, 'yyg7fpLom63', 'core', 'Noah Rowthorn', 'Corkery, Considine and Murazik', 0, 'mi sit amet', '2020-04-11 15:03:31', 'sed lacus morbi sem', 'Otro', NULL),
(29, 'oZdxJMP4LmSB', 'Balanced', 'Claiborne Linbohm', 'Ondricka LLC', 1, 'lorem integer tincidunt ante vel', '2023-06-23 20:42:56', 'gravida sem praesent', 'Ingeniería', NULL),
(30, 'hIQXUmeN', 'high-level', 'Kip Westbury', 'Champlin LLC', 1, 'convallis duis consequat dui', '2020-12-16 10:55:54', 'mus vivamus vestibulum sagittis', 'Ingeniería', NULL),
(31, 'EPdzYf', 'actuating', 'Morganica Emney', 'Lakin Inc', 1, 'vel nisl duis', '2019-04-22 20:01:42', 'mattis', 'Otro', NULL),
(32, 'E1VH00m8', 'contingency', 'Binny Steffans', 'Hane Inc', 0, 'in felis eu', '2019-04-01 03:53:59', 'blandit non', 'Ingeniería', NULL),
(33, 'KDp5UcG', 'hybrid', 'Emmi Zellick', 'Murazik, Bernier and Sauer', 0, 'vitae nisl aenean lectus', '2019-01-01 12:24:05', 'nam dui proin', 'Ingeniería', NULL),
(34, 'nBEMyQR0ZLc', 'Reactive', 'Meaghan Middas', 'Gleason Group', 0, 'libero non mattis pulvinar nulla', '2020-10-25 15:40:59', 'turpis eget elit sodales scelerisque', 'Ingeniería', NULL),
(35, 'bbAyexJwsVl', 'Sharable', 'Fabiano Dorro', 'Sawayn and Sons', 1, 'nulla ac', '2020-04-13 20:28:03', 'sit amet lobortis sapien', 'Ingeniería', NULL),
(36, '7rSi9W5z0', 'Assimilated', 'Lorilee Hutsby', 'Gislason, Greenholt and Dach', 1, 'luctus tincidunt nulla', '2019-07-06 02:56:13', 'eget congue eget semper rutrum', 'Otro', NULL),
(37, 'oioVpZ', 'multimedia', 'Bearnard Gabrieli', 'Ondricka-Buckridge', 0, 'primis in', '2018-11-10 01:49:15', 'imperdiet', 'Otro', NULL),
(38, 'caX2dKA', 'maximized', 'Dugald Everitt', 'Rodriguez LLC', 0, 'dis parturient montes nascetur', '2023-02-09 06:28:24', 'felis ut at dolor quis', 'Ingeniería', NULL),
(39, 'gPFylmLAYn', 'approach', 'Abigail Gerrels', 'Strosin-Okuneva', 0, 'morbi non quam', '2020-08-08 23:11:08', 'mattis pulvinar', 'Otro', NULL),
(40, 'KcZdueE', 'circuit', 'Joby Kittel', 'Kulas LLC', 0, 'quam sollicitudin vitae', '2020-11-04 14:06:35', 'ipsum primis in', 'Otro', NULL),
(41, 'MDkRKA', 'Optimized', 'Yurik Wakelam', 'Morar Inc', 0, 'nunc proin at', '2023-05-24 01:05:19', 'curae mauris viverra diam', 'Ingeniería', NULL),
(42, 'xpzgrpLzxZ', 'directional', 'Hilary Rankling', 'Schuster-Wuckert', 0, 'nulla ac', '2023-08-25 18:46:55', 'quis turpis', 'Ingeniería', NULL),
(43, 'LlW2Am', 'global', 'Penni Gaskell', 'Bailey, Bogan and Rau', 0, 'velit', '2022-04-18 10:22:07', 'pede malesuada', 'Otro', NULL),
(44, '6xVgaZn6', 'neutral', 'Alric Anselmi', 'Ullrich Group', 1, 'nisl nunc nisl duis bibendum', '2022-08-22 07:11:13', 'non lectus aliquam', 'Ingeniería', NULL),
(45, 'gCcaU2', 'policy', 'Booth Crone', 'Bayer, Beatty and Klein', 1, 'a libero', '2018-10-31 10:17:42', 'potenti cras in', 'Otro', NULL),
(46, 'QIvagz', 'strategy', 'Gregorio Rikkard', 'Turner Group', 1, 'lorem integer', '2021-11-08 20:04:09', 'pellentesque eget', 'Ingeniería', NULL),
(47, 'kUMgZ9p', 'Multi-layered', 'Ingrim Dollimore', 'Hilll-Fadel', 0, 'posuere felis sed', '2020-03-07 16:30:21', 'nam dui proin leo odio', 'Otro', NULL),
(48, 'IcdEwhrWQgs', 'next generation', 'Kalle Hammerberg', 'Mueller-McLaughlin', 1, 'eu felis fusce posuere', '2018-07-06 01:04:59', 'curae mauris viverra diam vitae', 'Ingeniería', NULL),
(49, 'vArci7iQE', 'Managed', 'Keely Beardwood', 'Robel, Nolan and Bahringer', 0, 'et ultrices', '2020-05-02 23:24:18', 'quis lectus suspendisse potenti in', 'Otro', NULL),
(50, 'qhYTD9M3N1kI', 'stable', 'Patsy Fleg', 'Mayert, Orn and Gleason', 0, 'lorem integer tincidunt', '2021-01-02 11:10:50', 'maecenas pulvinar lobortis', 'Otro', NULL),
(51, 'vhamm5r', 'Organic', 'Freida Barnhill', 'Wiza Inc', 1, 'tempus', '2021-07-01 03:54:13', 'eget tempus vel', 'Ingeniería', NULL),
(52, '0Aj4owFoF', 'leading edge', 'Patricia Copper', 'Satterfield, Heller and Hansen', 1, 'rutrum rutrum', '2021-08-17 03:59:43', 'eget', 'Ingeniería', NULL),
(53, '1XAVbes', 'needs-based', 'Stavro Follen', 'Hoppe Group', 1, 'praesent lectus', '2020-04-30 07:38:18', 'aenean auctor gravida', 'Otro', NULL),
(54, 'kdxm1qLlvEEc', 'open architecture', 'Jerrylee Pilmer', 'Beahan-Howe', 1, 'commodo placerat praesent blandit', '2022-08-16 15:46:16', 'consequat dui', 'Otro', NULL),
(55, 'cUA3PEktr', 'logistical', 'Trish Phlippi', 'Hintz LLC', 0, 'curabitur gravida', '2023-08-22 03:04:43', 'non velit nec', 'Otro', NULL),
(56, 'pLDdN3Rd2', 'contextually-based', 'Elvera Hotton', 'King, Kertzmann and Reichert', 1, 'imperdiet nullam orci pede', '2019-09-25 10:00:32', 'sit amet', 'Otro', NULL),
(57, 'YuVPbPnM8H', 'clear-thinking', 'Laurie July', 'Tromp LLC', 0, 'blandit non interdum in ante', '2021-02-21 17:26:54', 'eget massa tempor convallis nulla', 'Ingeniería', NULL),
(58, '88EWIhO', 'Team-oriented', 'Judi Torn', 'Stokes and Sons', 0, 'pede ullamcorper augue a', '2019-01-31 02:14:34', 'sit amet erat nulla', 'Otro', NULL),
(59, 'MaWcZdqUX992', 'Diverse', 'Letty Booley', 'Simonis-Brown', 0, 'elit ac nulla sed', '2018-09-28 08:47:51', 'integer ac', 'Ingeniería', NULL),
(60, 'XI8awPy', 'Down-sized', 'Brucie Jandourek', 'Gottlieb Inc', 0, 'pede ullamcorper augue a', '2019-10-16 10:12:05', 'sed augue aliquam', 'Ingeniería', NULL),
(61, 'nOvQmy4k6ST', 'installation', 'Anatollo Nock', 'Ward, MacGyver and MacGyver', 1, 'ac tellus semper', '2023-01-14 00:46:17', 'pede ac diam cras', 'Otro', NULL),
(62, 'Qz8MQ1X7mJw', 'heuristic', 'Magdalene Mars', 'Waters, Moen and Thompson', 1, 'volutpat erat quisque erat eros', '2018-04-03 07:02:49', 'nec nisi', 'Ingeniería', NULL),
(63, 'kD7o3C4pw2', 'open system', 'Donni Gervaise', 'Tremblay-Kessler', 0, 'et magnis', '2023-07-02 23:44:59', 'convallis tortor risus dapibus augue', 'Otro', NULL),
(64, 'iYLXEtca', 'Distributed', 'Parrnell Matoshin', 'Hessel, Howell and Hamill', 1, 'vestibulum sed magna at', '2022-07-22 16:57:20', 'consequat dui', 'Ingeniería', NULL),
(65, 'Usizxqs', 'disintermediate', 'Ernaline Fairham', 'Cummings, Labadie and Schimmel', 0, 'fermentum donec ut mauris eget', '2020-11-26 18:53:23', 'in consequat ut nulla sed', 'Otro', NULL),
(66, 'i2HUqzMSlV8r', 'neural-net', 'Anjela Rouf', 'Harber Inc', 1, 'mi in porttitor pede justo', '2020-10-22 03:40:31', 'eu massa donec dapibus', 'Ingeniería', NULL),
(67, 'QSixq5W4stR9', 'Automated', 'Willie Starr', 'Friesen-Greenfelder', 1, 'blandit ultrices enim lorem ipsum', '2022-03-09 00:48:00', 'vivamus in', 'Otro', NULL),
(68, '0R45yR9', 'multi-state', 'Maddy Mulliss', 'Leannon and Sons', 1, 'nunc viverra dapibus nulla', '2018-09-14 19:01:25', 'odio consequat varius', 'Ingeniería', NULL),
(69, '41v88BmmsFt', 'composite', 'Goldia Springell', 'Halvorson-MacGyver', 0, 'volutpat', '2019-04-22 19:50:11', 'ante vivamus', 'Ingeniería', NULL),
(70, 'PGPEa6CegWvP', 'Public-key', 'Meredith Reedyhough', 'Stanton-Kreiger', 1, 'et eros vestibulum ac est', '2020-04-11 19:10:10', 'neque sapien placerat ante nulla', 'Ingeniería', NULL),
(71, 'K6qhjY8WX', 'encompassing', 'Sharron Colcomb', 'Gislason, Lubowitz and Champlin', 1, 'arcu', '2021-09-25 00:40:57', 'in congue etiam', 'Otro', NULL),
(72, 'Y9voQIT', 'initiative', 'Dosi Leser', 'Hoeger, Wintheiser and Jacobi', 0, 'ante nulla justo aliquam', '2023-07-17 11:44:53', 'dapibus at diam', 'Ingeniería', NULL),
(73, 'sZMW6wjbqi', 'logistical', 'Mollie Verrick', 'Bergstrom-Leannon', 1, 'est donec', '2023-05-13 17:37:15', 'quis orci', 'Ingeniería', NULL),
(74, '4fX8fz3UTTs', 'encryption', 'Chandal Studde', 'Upton, Heidenreich and Schneider', 1, 'mauris lacinia sapien quis libero', '2020-06-05 17:08:50', 'adipiscing molestie hendrerit at vulputate', 'Otro', NULL),
(75, 'f71aJU', 'system-worthy', 'Shea Bruty', 'Monahan Inc', 0, 'lacus curabitur', '2021-09-29 08:30:15', 'ante', 'Ingeniería', NULL),
(76, '9scgA5', 'tangible', 'Blinny McRamsey', 'VonRueden-Murazik', 0, 'ac', '2020-02-08 03:19:03', 'eros elementum pellentesque', 'Otro', NULL),
(77, '4qSEOzuUdN', 'Sharable', 'Shandy Pabst', 'Raynor LLC', 0, 'ut dolor morbi', '2023-01-05 00:14:49', 'augue vestibulum rutrum rutrum neque', 'Ingeniería', NULL),
(78, 'z8lKps5dgfC', 'info-mediaries', 'Wrennie Morville', 'Kautzer and Sons', 1, 'mauris', '2018-12-30 12:27:12', 'vitae quam suspendisse potenti', 'Otro', NULL),
(79, 'KhuPjL05LU', 'even-keeled', 'Piggy Tofpik', 'Kreiger, Rempel and Braun', 0, 'vitae ipsum', '2018-07-28 03:30:26', 'penatibus et magnis dis', 'Ingeniería', NULL),
(80, 'ojiHxux', 'Monitored', 'Constance Balch', 'Skiles, Crooks and Hammes', 1, 'amet eleifend pede libero quis', '2021-12-11 03:09:02', 'amet consectetuer adipiscing', 'Ingeniería', NULL),
(81, 'zv12txbXDdA8', 'bifurcated', 'Elihu Scarce', 'Wisoky-Bruen', 0, 'auctor sed', '2022-10-08 01:50:21', 'maecenas', 'Otro', NULL),
(82, 'Y6c8WIOQ0r', 'Switchable', 'Orv Quye', 'Stroman-Deckow', 1, 'volutpat quam pede', '2021-11-04 23:01:33', 'pretium quis lectus suspendisse potenti', 'Ingeniería', NULL),
(83, 'gZUQJM2mW', 'contextually-based', 'Care McGing', 'Ebert Group', 0, 'nibh quisque id justo sit', '2021-08-16 13:35:28', 'nulla tellus in sagittis', 'Otro', NULL),
(84, 'mqThtIlifrg7', 'secondary', 'Murielle Feore', 'Hintz Group', 1, 'ultrices posuere cubilia', '2018-04-28 09:50:46', 'amet lobortis sapien sapien', 'Ingeniería', NULL),
(85, 'WIJh6ieJY', 'asymmetric', 'Melvin Gibbeson', 'Reynolds Inc', 1, 'congue diam', '2022-01-18 02:07:55', 'odio elementum eu', 'Ingeniería', NULL),
(86, 'SJovCMTE', 'Compatible', 'Gerianne Paradine', 'Gusikowski Inc', 0, 'convallis eget eleifend luctus ultricies', '2021-04-29 13:38:27', 'eget congue eget', 'Otro', NULL),
(87, 'LW1cIsAP', 'customer loyalty', 'Bebe Ewdale', 'Von, McClure and Shanahan', 0, 'pellentesque volutpat dui maecenas', '2022-11-05 12:33:36', 'in imperdiet et', 'Ingeniería', NULL),
(88, 'JVrnAJKqoieg', 'motivating', 'Sunshine Bushill', 'Johnston, Gusikowski and Moen', 1, 'proin interdum mauris non', '2018-09-15 03:40:00', 'turpis nec', 'Otro', NULL),
(89, '1ItwN8QNki4', 'time-frame', 'Doroteya Carratt', 'Robel, Powlowski and Johns', 0, 'at lorem integer tincidunt ante', '2018-10-09 17:07:29', 'cum sociis natoque', 'Ingeniería', NULL),
(90, 'JiwWq6iG', 'transitional', 'Karin Lancashire', 'Brown Group', 0, 'non interdum in ante', '2022-06-12 06:47:39', 'mattis odio', 'Ingeniería', NULL),
(91, '0p6OAz', 'task-force', 'Rodge Culleford', 'Kassulke and Sons', 1, 'velit donec diam neque', '2018-06-13 20:56:29', 'nullam molestie nibh in lectus', 'Otro', NULL),
(92, '5TokME', 'utilisation', 'Frankie Cockaday', 'Parker-Koss', 0, 'velit eu', '2018-11-26 13:10:22', 'cum', 'Ingeniería', NULL),
(93, 'uxoDV3OSy', 'neural-net', 'Aldrich Behnke', 'Reichel-Wehner', 0, 'at nibh in', '2022-12-25 08:50:43', 'duis', 'Ingeniería', NULL),
(94, 'SXvoSr', 'hybrid', 'Thorstein Nowak', 'D\'Amore, Kub and Quitzon', 1, 'dapibus', '2021-10-20 18:08:57', 'rutrum rutrum neque aenean', 'Otro', NULL),
(95, 'MQBGwSkxJLN', 'Inverse', 'Iorgo Downham', 'Heathcote LLC', 1, 'sapien placerat ante', '2021-08-05 16:40:58', 'tempus sit', 'Otro', NULL),
(96, 'keYOhTfvlZq8', 'foreground', 'Lem Naton', 'Roob and Sons', 0, 'dis parturient montes nascetur', '2022-08-04 12:08:33', 'sapien', 'Otro', NULL),
(97, '6oyrTI', 'adapter', 'Udell Sabati', 'Kreiger, Morar and Koepp', 1, 'massa donec', '2020-09-28 04:37:33', 'cubilia curae nulla dapibus dolor', 'Ingeniería', NULL),
(98, 'acIEZI908Hi', 'extranet', 'Zelig Kayne', 'Rippin-Abshire', 1, 'eleifend donec ut', '2023-02-13 15:03:58', 'dolor morbi', 'Otro', NULL),
(99, 'LVO6F00DdG', 'executive', 'Chev Huntall', 'Renner LLC', 0, 'ipsum dolor sit', '2020-03-18 16:25:10', 'nisl ut volutpat sapien arcu', 'Ingeniería', NULL),
(100, 'mMax0h9', 'systematic', 'Fabiano McVrone', 'Harris LLC', 1, 'odio', '2018-08-11 22:20:07', 'pretium nisl', 'Otro', NULL),
(101, 'ogFcK6vEWceV', 'fault-tolerant', 'Daisi Surguine', 'Murphy-Miller', 1, 'nulla', '2020-05-16 11:29:30', 'nulla justo aliquam quis turpis', 'Otro', NULL),
(102, 'ZAlknzPbY', 'attitude', 'Rhea Yeulet', 'Considine Group', 1, 'amet eleifend', '2018-11-15 17:01:17', 'quam', 'Ingeniería', NULL),
(103, 'UDJxQcJ6cR6t', 'secured line', 'Roxine Cassels', 'Kessler, Goldner and Farrell', 1, 'quis', '2020-11-03 03:28:19', 'consectetuer', 'Ingeniería', NULL),
(104, 'BrlU8GXJYw2', 'asymmetric', 'Hasty Sundin', 'Bogisich, Boyer and Kling', 1, 'morbi non', '2022-05-12 23:39:48', 'in hac habitasse', 'Otro', NULL),
(105, 'MJj5loDg', 'algorithm', 'Morse Cadany', 'Ortiz, Pacocha and Ebert', 0, 'ut erat curabitur', '2019-05-14 20:25:26', 'commodo placerat', 'Ingeniería', NULL),
(106, 'L5QdJnSpl', 'methodical', 'Weber Neles', 'Abshire Group', 0, 'pulvinar', '2020-12-08 06:33:21', 'dolor morbi vel lectus', 'Ingeniería', NULL),
(107, 'hivMQZzzYbkS', 'client-driven', 'Shannon Kinnard', 'Rosenbaum, Quigley and Leffler', 1, 'donec quis orci eget', '2021-01-15 00:41:59', 'sapien cursus vestibulum', 'Otro', NULL),
(108, 'sl1hKxHk', 'Object-based', 'Tonye Tuxill', 'Cole and Sons', 0, 'pretium', '2018-09-20 14:15:45', 'vestibulum ante ipsum primis in', 'Otro', NULL),
(109, 'dhvE51h0bb4', 'Vision-oriented', 'Wells Surgey', 'Steuber, Terry and Ward', 1, 'leo maecenas pulvinar', '2020-10-26 08:20:52', 'ut', 'Ingeniería', NULL),
(110, 'AOPRklragY', 'Organic', 'Julita Espadero', 'Fahey Inc', 0, 'ligula sit amet eleifend pede', '2021-03-08 17:16:04', 'justo sollicitudin', 'Ingeniería', NULL),
(111, 'dCR0lv7Q', 'methodology', 'Lilli Alldridge', 'Schmitt LLC', 0, 'pellentesque volutpat', '2018-09-29 00:21:21', 'primis in faucibus', 'Otro', NULL),
(112, 'zSYT8pzv6CXD', 'customer loyalty', 'Hedda Tumasian', 'Hintz, Huels and Spinka', 1, 'nulla', '2020-05-06 08:45:07', 'porta volutpat erat quisque', 'Ingeniería', NULL),
(113, '43ExS9', 'Realigned', 'Elmore Spooner', 'Haag, Hyatt and Kutch', 0, 'auctor gravida sem', '2020-07-25 12:10:14', 'est congue elementum', 'Otro', NULL),
(114, 'Qu4ANZ', 'Profound', 'Sergei Melhuish', 'Turner-Emard', 1, 'ante ipsum', '2019-01-02 20:11:14', 'eu est congue elementum in', 'Ingeniería', NULL),
(115, 'aKBVgMp3I', 'contextually-based', 'Franzen Trigwell', 'O\'Reilly LLC', 0, 'maecenas tristique', '2019-10-13 02:07:44', 'nullam porttitor lacus at turpis', 'Ingeniería', NULL),
(116, 'kdspiy', 'clear-thinking', 'Chrissie Vassel', 'Corwin and Sons', 1, 'nulla integer pede justo lacinia', '2019-08-28 03:08:40', 'eleifend luctus ultricies eu nibh', 'Otro', NULL),
(117, 'MCHvbz2qx', 'adapter', 'Susann Wollen', 'Luettgen-Quigley', 1, 'cras', '2019-10-25 11:37:24', 'fusce', 'Otro', NULL),
(118, 'vpBpgbBjB2ph', 'multimedia', 'Barris Kryzhov', 'Beatty Group', 1, 'morbi a ipsum integer a', '2021-10-31 21:31:12', 'convallis tortor risus', 'Ingeniería', NULL),
(119, 'JNnwAuDCbq', 'client-driven', 'Irving Moreland', 'Schmeler-Kuvalis', 1, 'ullamcorper purus sit amet', '2021-01-15 21:24:54', 'felis eu sapien cursus vestibulum', 'Otro', NULL),
(120, 'upIyA5J', 'Visionary', 'Morten Selliman', 'Aufderhar and Sons', 1, 'nullam porttitor lacus at turpis', '2021-08-02 20:11:33', 'in hac habitasse platea', 'Otro', NULL),
(121, 'EENWJojDRcU', 'Graphical User Interface', 'Massimiliano Markos', 'Donnelly-Wiza', 0, 'libero', '2022-11-30 13:11:18', 'nulla nunc purus', 'Otro', NULL),
(122, 'Y57SDby3AZuS', 'Customizable', 'Simeon Spikings', 'Kulas-Conn', 0, 'luctus et ultrices posuere', '2021-05-23 14:51:53', 'curae', 'Otro', NULL),
(123, 'UHvbVpi8OpG', 'intermediate', 'Agna MacSween', 'Connelly-Waelchi', 0, 'lectus vestibulum', '2022-03-05 22:05:57', 'primis in faucibus orci luctus', 'Ingeniería', NULL),
(124, '7Fy8Pn', 'Advanced', 'Sadella Smeall', 'Gulgowski Group', 0, 'in imperdiet et', '2019-12-19 01:03:45', 'amet eleifend pede', 'Ingeniería', NULL),
(125, 'SbEGw5Vp60AW', 'architecture', 'Lyndsey Radborn', 'Corkery-Willms', 0, 'sed vel enim sit amet', '2018-06-15 08:49:45', 'et ultrices posuere', 'Otro', NULL),
(126, 'g9nzVqvLhMu', 'functionalities', 'Row Domico', 'Klein, Bins and Gleichner', 0, 'orci mauris lacinia sapien quis', '2020-04-27 03:35:55', 'varius ut blandit non interdum', 'Otro', NULL),
(127, 'kxEMnI1', 'Adaptive', 'Lexine Mathissen', 'Hudson Inc', 1, 'nec nisi volutpat eleifend', '2021-04-03 20:02:43', 'maecenas', 'Ingeniería', NULL),
(128, 'T8Sprr5', 'website', 'Lindon Crowder', 'Torphy LLC', 0, 'eget semper rutrum', '2022-04-06 12:05:34', 'dui', 'Ingeniería', NULL),
(129, 'SPvL5I', 'protocol', 'Barr Oxtoby', 'Macejkovic-Gerlach', 0, 'in tempus sit', '2019-08-02 22:09:52', 'mi nulla ac enim in', 'Otro', NULL),
(130, 'PpZ1yn', 'uniform', 'Georgie Showler', 'Marquardt-Crooks', 0, 'eget congue eget semper', '2018-09-04 08:54:40', 'sed augue aliquam erat', 'Ingeniería', NULL),
(131, 'lyXRV8jUh', 'User-friendly', 'Sheffield Picknett', 'Wisoky-Lang', 0, 'maecenas pulvinar', '2020-08-05 06:12:15', 'enim', 'Ingeniería', NULL),
(132, 'zCqAyjqYYX', 'moderator', 'Robinson Kohlerman', 'Kautzer and Sons', 1, 'ipsum', '2019-02-06 07:47:50', 'ornare consequat lectus in', 'Otro', NULL),
(133, 'kyhfyPSDJrQ', 'motivating', 'Randene Bessett', 'Feeney Inc', 0, 'ultrices', '2020-04-11 04:32:35', 'vulputate nonummy maecenas tincidunt', 'Ingeniería', NULL),
(134, 'srouGozO2r', 'complexity', 'Grete Maggiore', 'Feeney, Nikolaus and Renner', 1, 'eu nibh quisque id justo', '2020-10-19 22:43:43', 'aenean sit amet', 'Otro', NULL),
(135, 'KgVxC2r', 'local area network', 'Bonny Gawkes', 'Davis, Hyatt and Mohr', 0, 'leo maecenas', '2023-01-16 19:15:47', 'purus eu magna vulputate', 'Ingeniería', NULL),
(136, 'NfXbhddDwDU', 'uniform', 'Birdie Lebourn', 'Schmidt-Conroy', 0, 'posuere cubilia', '2022-10-06 13:19:37', 'cras non velit nec nisi', 'Otro', NULL),
(137, '7pMzH98DYk2', 'bottom-line', 'Zeb Batram', 'Murphy and Sons', 0, 'vestibulum ac', '2018-08-10 05:18:02', 'nisl', 'Otro', NULL),
(138, 'qtyQTkUpy45B', 'functionalities', 'Ofilia Tomasutti', 'Turner, Rice and Schultz', 1, 'risus', '2020-06-02 02:09:23', 'justo in blandit ultrices enim', 'Otro', NULL),
(139, 'S5ogb2IN3q', 'background', 'Dasya Abbate', 'Bednar Group', 1, 'pretium iaculis justo in', '2018-09-02 13:19:28', 'duis aliquam convallis', 'Otro', NULL),
(140, '9jtfhIb6e4', 'interface', 'Harv McHan', 'Mosciski and Sons', 0, 'dapibus duis', '2023-05-15 14:56:03', 'nulla ut erat', 'Ingeniería', NULL),
(141, 'YYS5FxoWZZ', 'Integrated', 'Hodge Biggerstaff', 'Langosh-Jakubowski', 1, 'ullamcorper purus sit amet', '2020-09-21 20:31:54', 'libero convallis eget eleifend luctus', 'Otro', NULL),
(142, 'cBffBt', 'methodology', 'Collin Lummis', 'Anderson, Bernhard and Kulas', 1, 'in sagittis dui', '2023-03-21 01:16:13', 'pede ac diam cras pellentesque', 'Ingeniería', NULL),
(143, 'ibYYRTJtqSXN', 'Total', 'Ardyth Kingsbury', 'Rosenbaum, Muller and Graham', 0, 'eu felis fusce posuere felis', '2020-02-09 21:10:21', 'ultrices enim lorem ipsum dolor', 'Ingeniería', NULL),
(144, 'M0CeKe4oN2g', 'Virtual', 'Woodie Burtonwood', 'Lynch-Bradtke', 0, 'iaculis diam erat fermentum', '2022-02-14 09:45:53', 'pellentesque ultrices', 'Ingeniería', NULL),
(145, 'odE7ZyPpn0', 'Graphic Interface', 'Sela Struijs', 'Stracke-Jakubowski', 0, 'sit amet erat nulla tempus', '2018-06-09 22:34:47', 'tincidunt', 'Otro', NULL),
(146, 'r6x3Ja', 'task-force', 'Langston Staves', 'Orn and Sons', 0, 'donec pharetra', '2023-08-24 19:01:51', 'quisque erat eros viverra eget', 'Ingeniería', NULL),
(147, '3i8XgV7', 'incremental', 'Clementius Frossell', 'Kulas Inc', 0, 'congue elementum in hac habitasse', '2019-08-29 17:13:11', 'nullam porttitor lacus at turpis', 'Ingeniería', NULL),
(148, 'BF2LayLBi', 'tertiary', 'Vivian Orgill', 'Hermann Inc', 1, 'amet eleifend pede libero quis', '2019-12-20 01:30:28', 'ipsum primis in faucibus', 'Ingeniería', NULL),
(149, '65hrmmrRcLD', 'encryption', 'Trefor Godilington', 'Lesch, Waelchi and Senger', 0, 'magna bibendum', '2022-04-04 16:04:42', 'viverra dapibus', 'Ingeniería', NULL),
(150, 'B89EfodAG3B', 'Networked', 'Abigael Burlingame', 'Wolf-D\'Amore', 0, 'libero', '2018-08-18 09:14:33', 'consequat', 'Ingeniería', NULL),
(151, 'uaXJzUBy94vg', 'open architecture', 'Jonie Letford', 'Kessler Inc', 0, 'a suscipit nulla elit', '2018-08-24 08:29:19', 'platea', 'Otro', NULL),
(152, 'h1Jah8RHvjt', 'Grass-roots', 'Marmaduke Cammis', 'Ullrich, Gusikowski and Gibson', 0, 'justo lacinia eget tincidunt eget', '2020-08-17 21:17:02', 'quam pharetra magna ac consequat', 'Ingeniería', NULL),
(153, 'Je9LCJyMx8W9', 'Virtual', 'Shermie Hounsome', 'Boyer, Ondricka and Johnson', 1, 'lobortis est phasellus', '2021-04-19 12:24:35', 'mi', 'Ingeniería', NULL),
(154, 'OQqrPMZAh', 'reciprocal', 'Annabal Hemphrey', 'Hills, Rippin and Feil', 1, 'posuere cubilia curae nulla dapibus', '2021-10-25 14:50:31', 'a', 'Otro', NULL),
(155, 'SN49oZU', 'radical', 'Dulcia Ciccarello', 'Wisozk-Emard', 0, 'quam suspendisse potenti nullam porttitor', '2019-07-31 16:34:46', 'turpis donec', 'Otro', NULL),
(156, 'KiJqo7T', 'Secured', 'Eunice Slegg', 'Barrows-McGlynn', 0, 'consequat nulla', '2020-10-12 11:03:00', 'consequat dui nec nisi', 'Ingeniería', NULL),
(157, 'Gtc5NrMh', 'Virtual', 'Willem Selly', 'Dicki Inc', 0, 'quis', '2020-02-07 06:13:49', 'fusce congue diam id', 'Ingeniería', NULL),
(158, '0JfB0xiV', 'firmware', 'Vinson Sambath', 'Farrell-Volkman', 1, 'dictumst maecenas ut massa quis', '2023-08-08 02:15:43', 'nibh in', 'Otro', NULL),
(159, 'D1KVDQDN0', 'Object-based', 'Farrell Brimilcombe', 'Champlin Group', 1, 'id luctus', '2021-04-04 18:04:08', 'neque aenean auctor', 'Otro', NULL),
(160, 'ZcOMPa', 'encryption', 'Abdel Andreoletti', 'Nitzsche, Skiles and Langosh', 0, 'nulla mollis molestie', '2020-01-07 10:11:18', 'in eleifend', 'Otro', NULL),
(161, 'KIMqZkUj', 'function', 'Kingsly Elletson', 'Spinka, Boyer and Smith', 0, 'congue', '2018-08-04 01:58:49', 'ante nulla justo aliquam', 'Ingeniería', NULL),
(162, 'Iga0R9cuQQfy', 'internet solution', 'Corey Dunican', 'Nikolaus, Schulist and Ratke', 1, 'ultrices libero non mattis', '2023-07-21 11:25:13', 'ante vivamus', 'Otro', NULL),
(163, 'OtTstpkAz', 'Integrated', 'Florian Nilges', 'Moen, Homenick and Glover', 0, 'ut massa', '2023-01-21 10:00:04', 'tristique fusce', 'Otro', NULL),
(164, '64VpXZMJv9B', 'Stand-alone', 'Renata Tomkin', 'Schowalter-Durgan', 0, 'sodales', '2021-09-11 22:52:17', 'lorem vitae mattis nibh', 'Ingeniería', NULL),
(165, 'Ohnpl0', 'Re-engineered', 'Rani McKay', 'Cartwright and Sons', 0, 'maecenas', '2020-05-03 08:09:13', 'sed tincidunt', 'Otro', NULL),
(166, 'yN34TiEraan', 'process improvement', 'Genna Snoxill', 'Kris, Okuneva and Bayer', 1, 'porttitor', '2021-06-29 03:16:51', 'in faucibus orci luctus', 'Ingeniería', NULL),
(167, 'Ip9ENYIy', 'secondary', 'Nicol Bernier', 'Torphy, Kuhic and Harris', 0, 'nulla justo', '2021-02-04 13:44:36', 'cras non velit nec', 'Ingeniería', NULL),
(168, 'R8U7Bp1iu86', 'utilisation', 'Inga Such', 'Rau, Wisozk and Pfannerstill', 0, 'nam ultrices libero non', '2019-11-12 18:18:10', 'a ipsum integer a', 'Ingeniería', NULL),
(169, 'LCXI0gkn4', 'Reactive', 'Lotty Savins', 'Batz and Sons', 1, 'ultrices vel augue vestibulum', '2020-10-17 03:51:09', 'duis at velit eu', 'Ingeniería', NULL),
(170, 'iSUY8e', 'asynchronous', 'Dyann Cabell', 'O\'Kon-Bogan', 0, 'curae donec', '2020-03-29 19:02:01', 'quam sollicitudin vitae consectetuer', 'Ingeniería', NULL),
(171, 'J5CUJQE8H7y', 'systemic', 'Taffy Brownsill', 'Huel-Runte', 0, 'suspendisse potenti in eleifend', '2020-08-14 16:42:28', 'proin interdum mauris', 'Otro', NULL),
(172, '5oxrNBnS', 'frame', 'Enrica McIver', 'Tremblay-Pagac', 0, 'mauris eget', '2021-11-02 14:34:57', 'nam nulla integer pede justo', 'Ingeniería', NULL),
(173, '8V8Gx7Rpoa', '6th generation', 'Aggie Alberti', 'Simonis-Stroman', 1, 'ut at dolor quis', '2023-08-11 19:51:50', 'fermentum justo nec condimentum neque', 'Ingeniería', NULL),
(174, 'sk7IliHwjf', 'cohesive', 'Lorant Petkov', 'Kreiger Inc', 1, 'tempor', '2019-10-20 06:04:18', 'ligula sit amet eleifend', 'Otro', NULL),
(175, '4d2GCn', 'attitude-oriented', 'Adan Viel', 'Casper, Goldner and Walker', 1, 'ligula suspendisse ornare consequat lectus', '2019-08-01 10:42:18', 'rutrum at', 'Ingeniería', NULL),
(176, 'YXPSpFOVhX', 'Synergized', 'Cobbie McDiarmid', 'Berge Inc', 0, 'elementum ligula', '2021-01-25 04:17:14', 'dis parturient montes nascetur ridiculus', 'Otro', NULL),
(177, 'L72DfF8', 'Re-engineered', 'Andonis Denley', 'Hand-Bahringer', 1, 'convallis nulla neque libero', '2019-11-27 06:14:31', 'sit amet consectetuer', 'Ingeniería', NULL),
(178, 'z2e2QW4kFQs', 'ability', 'Quentin Merkle', 'Schaden-Wiza', 0, 'mauris vulputate elementum nullam varius', '2019-11-09 18:54:09', 'et magnis dis parturient montes', 'Otro', NULL),
(179, 'VWs03b', 'algorithm', 'Dierdre Leal', 'Durgan Inc', 0, 'ultrices erat tortor sollicitudin', '2019-05-12 05:35:41', 'justo sollicitudin ut', 'Otro', NULL),
(180, 'zhGG1xNIE5', 'static', 'Cleveland Simmon', 'Wisozk, Keeling and Brekke', 1, 'cras mi pede malesuada', '2018-09-03 08:53:59', 'rhoncus aliquet', 'Ingeniería', NULL),
(181, 'GEsf2uu5eim', 'Face to face', 'Jaynell Vigers', 'Bartoletti-Larkin', 0, 'a ipsum integer a', '2018-06-14 06:20:34', 'at', 'Otro', NULL),
(182, 'cC198bUMNLt', 'architecture', 'Corri Elder', 'Hermiston, Kovacek and Pfannerstill', 0, 'pharetra magna ac consequat', '2022-12-17 14:20:06', 'quis justo', 'Ingeniería', NULL),
(183, 'vbSbPLdCC5E', 'utilisation', 'Dorian Antoinet', 'Predovic and Sons', 0, 'integer ac leo pellentesque ultrices', '2022-05-23 09:00:39', 'justo sit amet sapien', 'Ingeniería', NULL),
(184, '9gaLWODzdf', 'Graphical User Interface', 'Lacy Buffey', 'Legros-Schaefer', 0, 'vivamus tortor duis mattis egestas', '2019-10-15 07:24:35', 'maecenas', 'Ingeniería', NULL),
(185, 'YY0Hfk3', 'demand-driven', 'Kari Pedrocchi', 'Altenwerth-Schaden', 0, 'ornare', '2023-06-19 08:52:57', 'ac', 'Ingeniería', NULL),
(186, '1D7jVwRW', 'tertiary', 'Caryl Moorfield', 'Streich Inc', 1, 'eu est congue elementum', '2019-06-26 09:50:22', 'in hac habitasse platea', 'Ingeniería', NULL),
(187, '3wz3kU', 'Profit-focused', 'Tasia Raddin', 'Bechtelar, Dicki and Muller', 1, 'tristique', '2022-02-28 10:05:42', 'natoque penatibus et', 'Otro', NULL),
(188, '2ZauowAWS', 'forecast', 'Quintina Byfford', 'Gusikowski-Stehr', 1, 'dictumst maecenas', '2018-12-02 09:19:46', 'justo lacinia', 'Otro', NULL),
(189, 'tPu3lw', 'Future-proofed', 'Ann Rollin', 'Johnson LLC', 0, 'luctus et ultrices posuere cubilia', '2020-09-12 23:31:54', 'consequat in', 'Ingeniería', NULL),
(190, 'l3IhFfBWW', 'scalable', 'Zorine Favela', 'Franecki-Botsford', 0, 'nullam varius nulla facilisi cras', '2023-04-10 05:16:34', 'eros elementum pellentesque quisque', 'Otro', NULL),
(191, 'xaPVfII3m', 'hub', 'Stan McCue', 'Nolan, Homenick and Bednar', 0, 'a nibh in quis', '2022-03-05 03:48:43', 'elit ac nulla sed', 'Otro', NULL),
(192, '3N3SCFi5', 'User-centric', 'Faythe Sprasen', 'Kutch LLC', 1, 'maecenas tincidunt lacus at velit', '2023-04-15 14:26:52', 'sed', 'Otro', NULL),
(193, 'yVPuH5', 'Future-proofed', 'Ernestus Rao', 'Wisoky, Weissnat and Ullrich', 0, 'pede', '2021-04-22 05:39:17', 'volutpat convallis morbi odio odio', 'Otro', NULL),
(194, 'rtrJ7bPFq3', 'Realigned', 'Crawford Marklund', 'Sawayn-White', 1, 'amet cursus', '2022-02-18 16:33:23', 'et magnis dis parturient montes', 'Otro', NULL),
(195, 'rLK3Zjp2', 'Persistent', 'Cindelyn Sturdgess', 'Kertzmann, Kihn and Willms', 0, 'nisl aenean lectus pellentesque eget', '2019-02-08 10:12:51', 'vivamus vestibulum sagittis', 'Otro', NULL),
(196, 'YX6Kvq5', 'human-resource', 'Shep Crossan', 'McClure, Murazik and Kozey', 0, 'luctus rutrum', '2019-09-23 07:57:55', 'curabitur gravida', 'Ingeniería', NULL),
(197, 'nlbCbHYi', 'local', 'Bennett Beumant', 'Tremblay, Kub and Bogan', 1, 'mauris', '2021-09-15 03:38:50', 'lorem vitae mattis nibh ligula', 'Otro', NULL),
(198, 'ns22nRSaKY', 'maximized', 'Jeffie Breakey', 'Predovic and Sons', 0, 'donec ut dolor', '2022-04-05 18:39:30', 'maecenas leo', 'Ingeniería', NULL),
(199, 'QdiSHBtLPN', 'Organized', 'Valaree Bulfit', 'Haag, Kuhic and Abshire', 0, 'odio', '2023-02-28 09:54:13', 'justo maecenas rhoncus aliquam lacus', 'Ingeniería', NULL),
(200, 'bo7fXDnodENE', 'software', 'Marty O\'Doireidh', 'Konopelski, Fay and Quigley', 0, 'ut odio cras mi', '2019-07-21 02:44:42', 'integer ac neque duis bibendum', 'Otro', NULL),
(1000, 'a', 'a', 'a', 'a', 1, 'a', '2022-10-16 00:27:37', 'a', 'Ingeniería', NULL);

INSERT INTO `rol` (`id`, `name`) VALUES
(1, 'Gerente'),
(2, 'Administrador'),
(3, 'Analista'),
(4, 'Proveedor');

INSERT INTO `rol_usuario` (`id_rut`, `id_rol`) VALUES
('20318537-5', 1),
('20318537-5', 2),
('20318537-5', 3),
('a', 1),
('a', 2),
('a', 3),
('ab', 1),
('ab', 2),
('ab', 3),
('abc', 2),
('b', 4),
('c', 3),
('d', 2),
('d', 3),
('jorge', 4),
('juanito', 4);

INSERT INTO `usuario` (`rut`, `nombre`, `apellido`, `correo`, `contraseña`, `status`, `token`) VALUES
('20318537-5', 'Jorge', 'Gonzalez', 'jorge.gonzalez04@alumnos.uach.cl', 'a', 1, NULL),
('a', 'test1', 't1', 'test1@test.com', 'a', 1, NULL),
('ab', 'ab', 'ab', 'ab', 'ab', 1, NULL),
('abc', 'abc', 'abc', 'abc', 'abc', 1, NULL),
('b', 'test2', 't2', 'test2@test.com', 'b', 1, NULL),
('c', 'c', 'c', 'c', 'c', 1, NULL),
('d', 'd', 'd', 'd', 'd', 0, NULL),
('jorge', 'jorge', 'jorge', 'jorge', '025julio2000', 1, NULL),
('juanito', 'juanito', 'juanito', 'juanito@gmail.com', '22enero2000', 0, NULL);

INSERT INTO `variables` (`id`, `descripcion`) VALUES
(1, 'Publicacion con coautor extranjero'),
(2, 'Publicacion'),
(3, 'Publicacion ingenieria'),
(4, 'Publicacion otra disciplina');

INSERT INTO `variables_publicaciones` (`id`, `valor`, `id_publicacion`, `id_variable`) VALUES
(1, 1, 1, 1),
(2, 1, 3, 1),
(3, 1, 4, 1),
(4, 1, 5, 1),
(5, 1, 8, 1),
(6, 1, 10, 1),
(7, 1, 11, 1),
(8, 1, 13, 1),
(9, 1, 14, 1),
(10, 1, 18, 1),
(11, 1, 19, 1),
(12, 1, 21, 1),
(13, 1, 23, 1),
(14, 1, 24, 1),
(15, 1, 25, 1),
(16, 1, 27, 1),
(17, 1, 29, 1),
(18, 1, 30, 1),
(19, 1, 31, 1),
(20, 1, 35, 1),
(21, 1, 36, 1),
(22, 1, 44, 1),
(23, 1, 45, 1),
(24, 1, 46, 1),
(25, 1, 48, 1),
(26, 1, 51, 1),
(27, 1, 52, 1),
(28, 1, 53, 1),
(29, 1, 54, 1),
(30, 1, 56, 1),
(31, 1, 61, 1),
(32, 1, 62, 1),
(33, 1, 64, 1),
(34, 1, 66, 1),
(35, 1, 67, 1),
(36, 1, 68, 1),
(37, 1, 70, 1),
(38, 1, 71, 1),
(39, 1, 73, 1),
(40, 1, 74, 1),
(41, 1, 78, 1),
(42, 1, 80, 1),
(43, 1, 82, 1),
(44, 1, 84, 1),
(45, 1, 85, 1),
(46, 1, 88, 1),
(47, 1, 91, 1),
(48, 1, 94, 1),
(49, 1, 95, 1),
(50, 1, 97, 1),
(51, 1, 98, 1),
(52, 1, 100, 1),
(53, 1, 101, 1),
(54, 1, 102, 1),
(55, 1, 103, 1),
(56, 1, 104, 1),
(57, 1, 107, 1),
(58, 1, 109, 1),
(59, 1, 112, 1),
(60, 1, 114, 1),
(61, 1, 116, 1),
(62, 1, 117, 1),
(63, 1, 118, 1),
(64, 1, 119, 1),
(65, 1, 120, 1),
(66, 1, 127, 1),
(67, 1, 132, 1),
(68, 1, 134, 1),
(69, 1, 138, 1),
(70, 1, 139, 1),
(71, 1, 141, 1),
(72, 1, 142, 1),
(73, 1, 148, 1),
(74, 1, 153, 1),
(75, 1, 154, 1),
(76, 1, 158, 1),
(77, 1, 159, 1),
(78, 1, 162, 1),
(79, 1, 166, 1),
(80, 1, 169, 1),
(81, 1, 173, 1),
(82, 1, 174, 1),
(83, 1, 175, 1),
(84, 1, 177, 1),
(85, 1, 180, 1),
(86, 1, 186, 1),
(87, 1, 187, 1),
(88, 1, 188, 1),
(89, 1, 192, 1),
(90, 1, 194, 1),
(91, 1, 197, 1),
(128, 1, 4, 3),
(129, 1, 9, 3),
(130, 1, 10, 3),
(131, 1, 11, 3),
(132, 1, 12, 3),
(133, 1, 13, 3),
(134, 1, 16, 3),
(135, 1, 18, 3),
(136, 1, 19, 3),
(137, 1, 22, 3),
(138, 1, 23, 3),
(139, 1, 26, 3),
(140, 1, 29, 3),
(141, 1, 30, 3),
(142, 1, 32, 3),
(143, 1, 33, 3),
(144, 1, 34, 3),
(145, 1, 35, 3),
(146, 1, 38, 3),
(147, 1, 41, 3),
(148, 1, 42, 3),
(149, 1, 44, 3),
(150, 1, 46, 3),
(151, 1, 48, 3),
(152, 1, 51, 3),
(153, 1, 52, 3),
(154, 1, 57, 3),
(155, 1, 59, 3),
(156, 1, 60, 3),
(157, 1, 62, 3),
(158, 1, 64, 3),
(159, 1, 66, 3),
(160, 1, 68, 3),
(161, 1, 69, 3),
(162, 1, 70, 3),
(163, 1, 72, 3),
(164, 1, 73, 3),
(165, 1, 75, 3),
(166, 1, 77, 3),
(167, 1, 79, 3),
(168, 1, 80, 3),
(169, 1, 82, 3),
(170, 1, 84, 3),
(171, 1, 85, 3),
(172, 1, 87, 3),
(173, 1, 89, 3),
(174, 1, 90, 3),
(175, 1, 92, 3),
(176, 1, 93, 3),
(177, 1, 97, 3),
(178, 1, 99, 3),
(179, 1, 102, 3),
(180, 1, 103, 3),
(181, 1, 105, 3),
(182, 1, 106, 3),
(183, 1, 109, 3),
(184, 1, 110, 3),
(185, 1, 112, 3),
(186, 1, 114, 3),
(187, 1, 115, 3),
(188, 1, 118, 3),
(189, 1, 123, 3),
(190, 1, 124, 3),
(191, 1, 127, 3),
(192, 1, 128, 3),
(193, 1, 130, 3),
(194, 1, 131, 3),
(195, 1, 133, 3),
(196, 1, 135, 3),
(197, 1, 140, 3),
(198, 1, 142, 3),
(199, 1, 143, 3),
(200, 1, 144, 3),
(201, 1, 146, 3),
(202, 1, 147, 3),
(203, 1, 148, 3),
(204, 1, 149, 3),
(205, 1, 150, 3),
(206, 1, 152, 3),
(207, 1, 153, 3),
(208, 1, 156, 3),
(209, 1, 157, 3),
(210, 1, 161, 3),
(211, 1, 164, 3),
(212, 1, 166, 3),
(213, 1, 167, 3),
(214, 1, 168, 3),
(215, 1, 169, 3),
(216, 1, 170, 3),
(217, 1, 172, 3),
(218, 1, 173, 3),
(219, 1, 175, 3),
(220, 1, 177, 3),
(221, 1, 180, 3),
(222, 1, 182, 3),
(223, 1, 183, 3),
(224, 1, 184, 3),
(225, 1, 185, 3),
(226, 1, 186, 3),
(227, 1, 189, 3),
(228, 1, 196, 3),
(229, 1, 198, 3),
(230, 1, 199, 3),
(255, 1, 1, 2),
(256, 1, 2, 2),
(257, 1, 3, 2),
(258, 1, 4, 2),
(259, 1, 5, 2),
(260, 1, 6, 2),
(261, 1, 7, 2),
(262, 1, 8, 2),
(263, 1, 9, 2),
(264, 1, 10, 2),
(265, 1, 11, 2),
(266, 1, 12, 2),
(267, 1, 13, 2),
(268, 1, 14, 2),
(269, 1, 15, 2),
(270, 1, 16, 2),
(271, 1, 17, 2),
(272, 1, 18, 2),
(273, 1, 19, 2),
(274, 1, 20, 2),
(275, 1, 21, 2),
(276, 1, 22, 2),
(277, 1, 23, 2),
(278, 1, 24, 2),
(279, 1, 25, 2),
(280, 1, 26, 2),
(281, 1, 27, 2),
(282, 1, 28, 2),
(283, 1, 29, 2),
(284, 1, 30, 2),
(285, 1, 31, 2),
(286, 1, 32, 2),
(287, 1, 33, 2),
(288, 1, 34, 2),
(289, 1, 35, 2),
(290, 1, 36, 2),
(291, 1, 37, 2),
(292, 1, 38, 2),
(293, 1, 39, 2),
(294, 1, 40, 2),
(295, 1, 41, 2),
(296, 1, 42, 2),
(297, 1, 43, 2),
(298, 1, 44, 2),
(299, 1, 45, 2),
(300, 1, 46, 2),
(301, 1, 47, 2),
(302, 1, 48, 2),
(303, 1, 49, 2),
(304, 1, 50, 2),
(305, 1, 51, 2),
(306, 1, 52, 2),
(307, 1, 53, 2),
(308, 1, 54, 2),
(309, 1, 55, 2),
(310, 1, 56, 2),
(311, 1, 57, 2),
(312, 1, 58, 2),
(313, 1, 59, 2),
(314, 1, 60, 2),
(315, 1, 61, 2),
(316, 1, 62, 2),
(317, 1, 63, 2),
(318, 1, 64, 2),
(319, 1, 65, 2),
(320, 1, 66, 2),
(321, 1, 67, 2),
(322, 1, 68, 2),
(323, 1, 69, 2),
(324, 1, 70, 2),
(325, 1, 71, 2),
(326, 1, 72, 2),
(327, 1, 73, 2),
(328, 1, 74, 2),
(329, 1, 75, 2),
(330, 1, 76, 2),
(331, 1, 77, 2),
(332, 1, 78, 2),
(333, 1, 79, 2),
(334, 1, 80, 2),
(335, 1, 81, 2),
(336, 1, 82, 2),
(337, 1, 83, 2),
(338, 1, 84, 2),
(339, 1, 85, 2),
(340, 1, 86, 2),
(341, 1, 87, 2),
(342, 1, 88, 2),
(343, 1, 89, 2),
(344, 1, 90, 2),
(345, 1, 91, 2),
(346, 1, 92, 2),
(347, 1, 93, 2),
(348, 1, 94, 2),
(349, 1, 95, 2),
(350, 1, 96, 2),
(351, 1, 97, 2),
(352, 1, 98, 2),
(353, 1, 99, 2),
(354, 1, 100, 2),
(355, 1, 101, 2),
(356, 1, 102, 2),
(357, 1, 103, 2),
(358, 1, 104, 2),
(359, 1, 105, 2),
(360, 1, 106, 2),
(361, 1, 107, 2),
(362, 1, 108, 2),
(363, 1, 109, 2),
(364, 1, 110, 2),
(365, 1, 111, 2),
(366, 1, 112, 2),
(367, 1, 113, 2),
(368, 1, 114, 2),
(369, 1, 115, 2),
(370, 1, 116, 2),
(371, 1, 117, 2),
(372, 1, 118, 2),
(373, 1, 119, 2),
(374, 1, 120, 2),
(375, 1, 121, 2),
(376, 1, 122, 2),
(377, 1, 123, 2),
(378, 1, 124, 2),
(379, 1, 125, 2),
(380, 1, 126, 2),
(381, 1, 127, 2),
(382, 1, 128, 2),
(383, 1, 129, 2),
(384, 1, 130, 2),
(385, 1, 131, 2),
(386, 1, 132, 2),
(387, 1, 133, 2),
(388, 1, 134, 2),
(389, 1, 135, 2),
(390, 1, 136, 2),
(391, 1, 137, 2),
(392, 1, 138, 2),
(393, 1, 139, 2),
(394, 1, 140, 2),
(395, 1, 141, 2),
(396, 1, 142, 2),
(397, 1, 143, 2),
(398, 1, 144, 2),
(399, 1, 145, 2),
(400, 1, 146, 2),
(401, 1, 147, 2),
(402, 1, 148, 2),
(403, 1, 149, 2),
(404, 1, 150, 2),
(405, 1, 151, 2),
(406, 1, 152, 2),
(407, 1, 153, 2),
(408, 1, 154, 2),
(409, 1, 155, 2),
(410, 1, 156, 2),
(411, 1, 157, 2),
(412, 1, 158, 2),
(413, 1, 159, 2),
(414, 1, 160, 2),
(415, 1, 161, 2),
(416, 1, 162, 2),
(417, 1, 163, 2),
(418, 1, 164, 2),
(419, 1, 165, 2),
(420, 1, 166, 2),
(421, 1, 167, 2),
(422, 1, 168, 2),
(423, 1, 169, 2),
(424, 1, 170, 2),
(425, 1, 171, 2),
(426, 1, 172, 2),
(427, 1, 173, 2),
(428, 1, 174, 2),
(429, 1, 175, 2),
(430, 1, 176, 2),
(431, 1, 177, 2),
(432, 1, 178, 2),
(433, 1, 179, 2),
(434, 1, 180, 2),
(435, 1, 181, 2),
(436, 1, 182, 2),
(437, 1, 183, 2),
(438, 1, 184, 2),
(439, 1, 185, 2),
(440, 1, 186, 2),
(441, 1, 187, 2),
(442, 1, 188, 2),
(443, 1, 189, 2),
(444, 1, 190, 2),
(445, 1, 191, 2),
(446, 1, 192, 2),
(447, 1, 193, 2),
(448, 1, 194, 2),
(449, 1, 195, 2),
(450, 1, 196, 2),
(451, 1, 197, 2),
(452, 1, 198, 2),
(453, 1, 199, 2),
(454, 1, 200, 2),
(510, 1, 1, 4),
(511, 1, 2, 4),
(512, 1, 3, 4),
(513, 1, 5, 4),
(514, 1, 6, 4),
(515, 1, 7, 4),
(516, 1, 8, 4),
(517, 1, 14, 4),
(518, 1, 15, 4),
(519, 1, 17, 4),
(520, 1, 20, 4),
(521, 1, 21, 4),
(522, 1, 24, 4),
(523, 1, 25, 4),
(524, 1, 27, 4),
(525, 1, 28, 4),
(526, 1, 31, 4),
(527, 1, 36, 4),
(528, 1, 37, 4),
(529, 1, 39, 4),
(530, 1, 40, 4),
(531, 1, 43, 4),
(532, 1, 45, 4),
(533, 1, 47, 4),
(534, 1, 49, 4),
(535, 1, 50, 4),
(536, 1, 53, 4),
(537, 1, 54, 4),
(538, 1, 55, 4),
(539, 1, 56, 4),
(540, 1, 58, 4),
(541, 1, 61, 4),
(542, 1, 63, 4),
(543, 1, 65, 4),
(544, 1, 67, 4),
(545, 1, 71, 4),
(546, 1, 74, 4),
(547, 1, 76, 4),
(548, 1, 78, 4),
(549, 1, 81, 4),
(550, 1, 83, 4),
(551, 1, 86, 4),
(552, 1, 88, 4),
(553, 1, 91, 4),
(554, 1, 94, 4),
(555, 1, 95, 4),
(556, 1, 96, 4),
(557, 1, 98, 4),
(558, 1, 100, 4),
(559, 1, 101, 4),
(560, 1, 104, 4),
(561, 1, 107, 4),
(562, 1, 108, 4),
(563, 1, 111, 4),
(564, 1, 113, 4),
(565, 1, 116, 4),
(566, 1, 117, 4),
(567, 1, 119, 4),
(568, 1, 120, 4),
(569, 1, 121, 4),
(570, 1, 122, 4),
(571, 1, 125, 4),
(572, 1, 126, 4),
(573, 1, 129, 4),
(574, 1, 132, 4),
(575, 1, 134, 4),
(576, 1, 136, 4),
(577, 1, 137, 4),
(578, 1, 138, 4),
(579, 1, 139, 4),
(580, 1, 141, 4),
(581, 1, 145, 4),
(582, 1, 151, 4),
(583, 1, 154, 4),
(584, 1, 155, 4),
(585, 1, 158, 4),
(586, 1, 159, 4),
(587, 1, 160, 4),
(588, 1, 162, 4),
(589, 1, 163, 4),
(590, 1, 165, 4),
(591, 1, 171, 4),
(592, 1, 174, 4),
(593, 1, 176, 4),
(594, 1, 178, 4),
(595, 1, 179, 4),
(596, 1, 181, 4),
(597, 1, 187, 4),
(598, 1, 188, 4),
(599, 1, 190, 4),
(600, 1, 191, 4),
(601, 1, 192, 4),
(602, 1, 193, 4),
(603, 1, 194, 4),
(604, 1, 195, 4),
(605, 1, 197, 4),
(606, 1, 200, 4),
(641, 1, 1000, 2),
(642, 1, 1000, 1),
(643, 1, 1000, 3);



<<<<<<< HEAD
/*!40101 SET SQL_MODE=@OLD_SQL_MODE */;
/*!40014 SET FOREIGN_KEY_CHECKS=@OLD_FOREIGN_KEY_CHECKS */;
/*!40014 SET UNIQUE_CHECKS=@OLD_UNIQUE_CHECKS */;
/*!40101 SET CHARACTER_SET_CLIENT=@OLD_CHARACTER_SET_CLIENT */;
/*!40101 SET CHARACTER_SET_RESULTS=@OLD_CHARACTER_SET_RESULTS */;
/*!40101 SET COLLATION_CONNECTION=@OLD_COLLATION_CONNECTION */;
/*!40111 SET SQL_NOTES=@OLD_SQL_NOTES */;
=======
LOCK TABLES `usuario` WRITE;
/*!40000 ALTER TABLE `usuario` DISABLE KEYS */;
INSERT INTO `usuario` VALUES ('a-0','carlitos','torrez','carlitos@gmail.com',"1f40fc92da241694750979ee6cf582f2d5d7d28e18335de05abc54d0560e0f5302860c652bf08d560252aa5e74210546f369fbbbce8c12cfc7957b2652fe9a75",1,NULL);
/*!40000 ALTER TABLE `usuario` ENABLE KEYS */;
UNLOCK TABLES;
>>>>>>> modificacion a la tabla publicaciones
